id,label
SEQ0,0
SEQ1,14
SEQ2,11
SEQ3,14
SEQ4,10
SEQ5,14
SEQ6,11
SEQ7,14
SEQ8,0
SEQ9,14
SEQ10,14
SEQ11,14
SEQ12,14
SEQ13,14
SEQ14,7
SEQ15,14
SEQ16,14
SEQ17,5
SEQ18,14
SEQ19,14
SEQ20,14
SEQ21,14
SEQ22,1
SEQ23,11
SEQ24,5
SEQ25,14
SEQ26,5
SEQ27,14
SEQ28,14
SEQ29,9
SEQ30,14
SEQ31,14
SEQ32,1
SEQ33,11
SEQ34,11
SEQ35,0
SEQ36,13
SEQ37,14
SEQ38,13
SEQ39,14
SEQ40,14
SEQ41,14
SEQ42,14
SEQ43,5
SEQ44,5
SEQ45,14
SEQ46,14
SEQ47,14
SEQ48,14
SEQ49,14
SEQ50,14
SEQ51,14
SEQ52,11
SEQ53,14
SEQ54,14
SEQ55,14
SEQ56,14
SEQ57,11
SEQ58,2
SEQ59,1
SEQ60,14
SEQ61,8
SEQ62,14
SEQ63,11
SEQ64,2
SEQ65,14
SEQ66,14
SEQ67,14
SEQ68,14
SEQ69,11
SEQ70,11
SEQ71,1
SEQ72,14
SEQ73,14
SEQ74,14
SEQ75,14
SEQ76,14
SEQ77,5
SEQ78,11
SEQ79,14
SEQ80,14
SEQ81,14
SEQ82,14
SEQ83,14
SEQ84,7
SEQ85,14
SEQ86,5
SEQ87,5
SEQ88,5
SEQ89,14
SEQ90,14
SEQ91,11
SEQ92,11
SEQ93,14
SEQ94,14
SEQ95,14
SEQ96,14
SEQ97,11
SEQ98,11
SEQ99,14
SEQ100,2
SEQ101,14
SEQ102,14
SEQ103,14
SEQ104,14
SEQ105,14
SEQ106,11
SEQ107,14
SEQ108,14
SEQ109,11
SEQ110,14
SEQ111,14
SEQ112,5
SEQ113,5
SEQ114,14
SEQ115,5
SEQ116,6
SEQ117,14
SEQ118,5
SEQ119,14
SEQ120,14
SEQ121,14
SEQ122,11
SEQ123,14
SEQ124,14
SEQ125,14
SEQ126,14
SEQ127,14
SEQ128,5
SEQ129,14
SEQ130,14
SEQ131,14
SEQ132,0
SEQ133,14
SEQ134,14
SEQ135,14
SEQ136,14
SEQ137,1
SEQ138,14
SEQ139,14
SEQ140,14
SEQ141,14
SEQ142,14
SEQ143,5
SEQ144,14
SEQ145,14
SEQ146,14
SEQ147,11
SEQ148,11
SEQ149,14
SEQ150,6
SEQ151,1
SEQ152,1
SEQ153,14
SEQ154,14
SEQ155,14
SEQ156,14
SEQ157,14
SEQ158,14
SEQ159,1
SEQ160,14
SEQ161,14
SEQ162,4
SEQ163,14
SEQ164,14
SEQ165,14
SEQ166,14
SEQ167,11
SEQ168,14
SEQ169,14
SEQ170,14
SEQ171,14
SEQ172,11
SEQ173,2
SEQ174,14
SEQ175,14
SEQ176,14
SEQ177,11
SEQ178,14
SEQ179,14
SEQ180,1
SEQ181,5
SEQ182,14
SEQ183,14
SEQ184,14
SEQ185,14
SEQ186,2
SEQ187,1
SEQ188,5
SEQ189,14
SEQ190,11
SEQ191,8
SEQ192,14
SEQ193,5
SEQ194,14
SEQ195,14
SEQ196,14
SEQ197,14
SEQ198,14
SEQ199,14
SEQ200,14
SEQ201,7
SEQ202,14
SEQ203,7
SEQ204,0
SEQ205,11
SEQ206,14
SEQ207,14
SEQ208,11
SEQ209,14
SEQ210,14
SEQ211,14
SEQ212,14
SEQ213,7
SEQ214,7
SEQ215,14
SEQ216,14
SEQ217,11
SEQ218,14
SEQ219,14
SEQ220,14
SEQ221,11
SEQ222,14
SEQ223,14
SEQ224,9
SEQ225,13
SEQ226,14
SEQ227,14
SEQ228,9
SEQ229,14
SEQ230,14
SEQ231,6
SEQ232,14
SEQ233,14
SEQ234,5
SEQ235,2
SEQ236,14
SEQ237,14
SEQ238,1
SEQ239,14
SEQ240,14
SEQ241,14
SEQ242,11
SEQ243,7
SEQ244,14
SEQ245,14
SEQ246,14
SEQ247,13
SEQ248,14
SEQ249,14
SEQ250,14
SEQ251,11
SEQ252,14
SEQ253,8
SEQ254,14
SEQ255,5
SEQ256,14
SEQ257,7
SEQ258,11
SEQ259,5
SEQ260,11
SEQ261,14
SEQ262,14
SEQ263,14
SEQ264,7
SEQ265,14
SEQ266,14
SEQ267,13
SEQ268,14
SEQ269,14
SEQ270,0
SEQ271,11
SEQ272,14
SEQ273,14
SEQ274,14
SEQ275,8
SEQ276,14
SEQ277,14
SEQ278,8
SEQ279,14
SEQ280,14
SEQ281,14
SEQ282,14
SEQ283,11
SEQ284,14
SEQ285,14
SEQ286,14
SEQ287,14
SEQ288,11
SEQ289,11
SEQ290,5
SEQ291,14
SEQ292,5
SEQ293,14
SEQ294,14
SEQ295,14
SEQ296,11
SEQ297,8
SEQ298,14
SEQ299,5
SEQ300,9
SEQ301,7
SEQ302,11
SEQ303,2
SEQ304,5
SEQ305,11
SEQ306,14
SEQ307,14
SEQ308,14
SEQ309,14
SEQ310,14
SEQ311,14
SEQ312,11
SEQ313,14
SEQ314,5
SEQ315,5
SEQ316,14
SEQ317,11
SEQ318,11
SEQ319,14
SEQ320,1
SEQ321,2
SEQ322,9
SEQ323,11
SEQ324,14
SEQ325,5
SEQ326,14
SEQ327,14
SEQ328,14
SEQ329,14
SEQ330,14
SEQ331,14
SEQ332,5
SEQ333,14
SEQ334,14
SEQ335,7
SEQ336,13
SEQ337,3
SEQ338,14
SEQ339,5
SEQ340,7
SEQ341,7
SEQ342,5
SEQ343,14
SEQ344,11
SEQ345,14
SEQ346,1
SEQ347,14
SEQ348,14
SEQ349,14
SEQ350,14
SEQ351,11
SEQ352,7
SEQ353,14
SEQ354,7
SEQ355,14
SEQ356,14
SEQ357,11
SEQ358,11
SEQ359,5
SEQ360,14
SEQ361,14
SEQ362,12
SEQ363,2
SEQ364,14
SEQ365,14
SEQ366,14
SEQ367,14
SEQ368,14
SEQ369,14
SEQ370,5
SEQ371,4
SEQ372,14
SEQ373,11
SEQ374,3
SEQ375,2
SEQ376,14
SEQ377,14
SEQ378,14
SEQ379,14
SEQ380,14
SEQ381,5
SEQ382,14
SEQ383,14
SEQ384,11
SEQ385,14
SEQ386,14
SEQ387,14
SEQ388,1
SEQ389,14
SEQ390,11
SEQ391,11
SEQ392,14
SEQ393,14
SEQ394,14
SEQ395,13
SEQ396,1
SEQ397,14
SEQ398,5
SEQ399,5
SEQ400,14
SEQ401,5
SEQ402,14
SEQ403,14
SEQ404,9
SEQ405,14
SEQ406,11
SEQ407,14
SEQ408,0
SEQ409,14
SEQ410,14
SEQ411,5
SEQ412,11
SEQ413,14
SEQ414,14
SEQ415,14
SEQ416,14
SEQ417,14
SEQ418,14
SEQ419,14
SEQ420,14
SEQ421,11
SEQ422,14
SEQ423,14
SEQ424,14
SEQ425,14
SEQ426,11
SEQ427,11
SEQ428,14
SEQ429,11
SEQ430,14
SEQ431,14
SEQ432,14
SEQ433,2
SEQ434,3
SEQ435,7
SEQ436,5
SEQ437,11
SEQ438,7
SEQ439,14
SEQ440,11
SEQ441,14
SEQ442,14
SEQ443,5
SEQ444,14
SEQ445,2
SEQ446,7
SEQ447,14
SEQ448,14
SEQ449,14
SEQ450,14
SEQ451,14
SEQ452,14
SEQ453,7
SEQ454,14
SEQ455,14
SEQ456,5
SEQ457,14
SEQ458,14
SEQ459,14
SEQ460,11
SEQ461,14
SEQ462,3
SEQ463,14
SEQ464,14
SEQ465,14
SEQ466,14
SEQ467,14
SEQ468,14
SEQ469,14
SEQ470,11
SEQ471,14
SEQ472,14
SEQ473,14
SEQ474,14
SEQ475,14
SEQ476,11
SEQ477,5
SEQ478,14
SEQ479,14
SEQ480,14
SEQ481,14
SEQ482,11
SEQ483,14
SEQ484,14
SEQ485,14
SEQ486,14
SEQ487,14
SEQ488,14
SEQ489,14
SEQ490,1
SEQ491,14
SEQ492,11
SEQ493,11
SEQ494,0
SEQ495,14
SEQ496,1
SEQ497,11
SEQ498,1
SEQ499,14
SEQ500,5
SEQ501,14
SEQ502,14
SEQ503,14
SEQ504,14
SEQ505,5
SEQ506,14
SEQ507,14
SEQ508,14
SEQ509,14
SEQ510,14
SEQ511,8
SEQ512,14
SEQ513,5
SEQ514,14
SEQ515,11
SEQ516,5
SEQ517,14
SEQ518,14
SEQ519,14
SEQ520,11
SEQ521,14
SEQ522,14
SEQ523,14
SEQ524,9
SEQ525,14
SEQ526,13
SEQ527,14
SEQ528,5
SEQ529,14
SEQ530,1
SEQ531,1
SEQ532,11
SEQ533,14
SEQ534,11
SEQ535,14
SEQ536,11
SEQ537,0
SEQ538,14
SEQ539,11
SEQ540,14
SEQ541,14
SEQ542,14
SEQ543,14
SEQ544,14
SEQ545,11
SEQ546,14
SEQ547,14
SEQ548,14
SEQ549,11
SEQ550,14
SEQ551,14
SEQ552,6
SEQ553,14
SEQ554,14
SEQ555,14
SEQ556,11
SEQ557,14
SEQ558,14
SEQ559,14
SEQ560,14
SEQ561,14
SEQ562,7
SEQ563,14
SEQ564,14
SEQ565,0
SEQ566,11
SEQ567,14
SEQ568,14
SEQ569,11
SEQ570,1
SEQ571,11
SEQ572,11
SEQ573,14
SEQ574,14
SEQ575,11
SEQ576,4
SEQ577,14
SEQ578,14
SEQ579,14
SEQ580,14
SEQ581,5
SEQ582,14
SEQ583,11
SEQ584,11
SEQ585,5
SEQ586,14
SEQ587,5
SEQ588,13
SEQ589,14
SEQ590,11
SEQ591,14
SEQ592,2
SEQ593,11
SEQ594,14
SEQ595,11
SEQ596,14
SEQ597,14
SEQ598,11
SEQ599,14
SEQ600,5
SEQ601,11
SEQ602,14
SEQ603,14
SEQ604,14
SEQ605,5
SEQ606,11
SEQ607,14
SEQ608,14
SEQ609,14
SEQ610,11
SEQ611,2
SEQ612,14
SEQ613,3
SEQ614,11
SEQ615,11
SEQ616,8
SEQ617,14
SEQ618,14
SEQ619,14
SEQ620,14
SEQ621,5
SEQ622,14
SEQ623,14
SEQ624,3
SEQ625,14
SEQ626,14
SEQ627,14
SEQ628,1
SEQ629,14
SEQ630,5
SEQ631,0
SEQ632,14
SEQ633,14
SEQ634,5
SEQ635,14
SEQ636,11
SEQ637,11
SEQ638,14
SEQ639,5
SEQ640,14
SEQ641,14
SEQ642,14
SEQ643,14
SEQ644,7
SEQ645,14
SEQ646,14
SEQ647,11
SEQ648,11
SEQ649,14
SEQ650,14
SEQ651,14
SEQ652,14
SEQ653,14
SEQ654,11
SEQ655,5
SEQ656,14
SEQ657,14
SEQ658,0
SEQ659,14
SEQ660,5
SEQ661,11
SEQ662,14
SEQ663,14
SEQ664,14
SEQ665,11
SEQ666,14
SEQ667,14
SEQ668,14
SEQ669,14
SEQ670,5
SEQ671,14
SEQ672,14
SEQ673,11
SEQ674,14
SEQ675,10
SEQ676,14
SEQ677,1
SEQ678,14
SEQ679,14
SEQ680,14
SEQ681,14
SEQ682,14
SEQ683,7
SEQ684,14
SEQ685,11
SEQ686,8
SEQ687,14
SEQ688,5
SEQ689,1
SEQ690,14
SEQ691,14
SEQ692,11
SEQ693,5
SEQ694,14
SEQ695,1
SEQ696,11
SEQ697,14
SEQ698,14
SEQ699,11
SEQ700,5
SEQ701,2
SEQ702,5
SEQ703,5
SEQ704,14
SEQ705,14
SEQ706,14
SEQ707,14
SEQ708,14
SEQ709,14
SEQ710,14
SEQ711,14
SEQ712,11
SEQ713,14
SEQ714,14
SEQ715,11
SEQ716,11
SEQ717,7
SEQ718,11
SEQ719,5
SEQ720,14
SEQ721,5
SEQ722,14
SEQ723,14
SEQ724,5
SEQ725,2
SEQ726,14
SEQ727,7
SEQ728,14
SEQ729,5
SEQ730,11
SEQ731,14
SEQ732,14
SEQ733,11
SEQ734,5
SEQ735,11
SEQ736,5
SEQ737,14
SEQ738,14
SEQ739,14
SEQ740,14
SEQ741,14
SEQ742,14
SEQ743,14
SEQ744,14
SEQ745,5
SEQ746,14
SEQ747,14
SEQ748,11
SEQ749,11
SEQ750,1
SEQ751,11
SEQ752,14
SEQ753,5
SEQ754,11
SEQ755,14
SEQ756,0
SEQ757,14
SEQ758,14
SEQ759,14
SEQ760,14
SEQ761,14
SEQ762,7
SEQ763,14
SEQ764,10
SEQ765,14
SEQ766,14
SEQ767,5
SEQ768,11
SEQ769,14
SEQ770,7
SEQ771,14
SEQ772,1
SEQ773,5
SEQ774,14
SEQ775,14
SEQ776,2
SEQ777,14
SEQ778,14
SEQ779,14
SEQ780,14
SEQ781,14
SEQ782,14
SEQ783,14
SEQ784,14
SEQ785,11
SEQ786,14
SEQ787,1
SEQ788,14
SEQ789,14
SEQ790,7
SEQ791,5
SEQ792,14
SEQ793,14
SEQ794,14
SEQ795,14
SEQ796,8
SEQ797,11
SEQ798,7
SEQ799,5
SEQ800,11
SEQ801,14
SEQ802,14
SEQ803,14
SEQ804,14
SEQ805,5
SEQ806,11
SEQ807,3
SEQ808,14
SEQ809,11
SEQ810,2
SEQ811,7
SEQ812,11
SEQ813,5
SEQ814,14
SEQ815,14
SEQ816,11
SEQ817,14
SEQ818,11
SEQ819,14
SEQ820,5
SEQ821,14
SEQ822,5
SEQ823,5
SEQ824,14
SEQ825,11
SEQ826,14
SEQ827,11
SEQ828,5
SEQ829,11
SEQ830,7
SEQ831,14
SEQ832,14
SEQ833,14
SEQ834,11
SEQ835,14
SEQ836,14
SEQ837,1
SEQ838,14
SEQ839,14
SEQ840,14
SEQ841,14
SEQ842,14
SEQ843,0
SEQ844,14
SEQ845,5
SEQ846,14
SEQ847,14
SEQ848,5
SEQ849,14
SEQ850,11
SEQ851,14
SEQ852,14
SEQ853,0
SEQ854,11
SEQ855,14
SEQ856,11
SEQ857,14
SEQ858,11
SEQ859,5
SEQ860,14
SEQ861,7
SEQ862,1
SEQ863,14
SEQ864,11
SEQ865,14
SEQ866,6
SEQ867,5
SEQ868,13
SEQ869,14
SEQ870,14
SEQ871,14
SEQ872,14
SEQ873,14
SEQ874,11
SEQ875,14
SEQ876,14
SEQ877,14
SEQ878,14
SEQ879,14
SEQ880,14
SEQ881,14
SEQ882,11
SEQ883,14
SEQ884,14
SEQ885,14
SEQ886,2
SEQ887,8
SEQ888,14
SEQ889,14
SEQ890,13
SEQ891,14
SEQ892,11
SEQ893,14
SEQ894,14
SEQ895,5
SEQ896,11
SEQ897,5
SEQ898,14
SEQ899,14
SEQ900,14
SEQ901,14
SEQ902,11
SEQ903,11
SEQ904,8
SEQ905,14
SEQ906,11
SEQ907,11
SEQ908,14
SEQ909,11
SEQ910,5
SEQ911,14
SEQ912,14
SEQ913,5
SEQ914,14
SEQ915,14
SEQ916,14
SEQ917,14
SEQ918,14
SEQ919,14
SEQ920,11
SEQ921,14
SEQ922,11
SEQ923,1
SEQ924,14
SEQ925,14
SEQ926,14
SEQ927,14
SEQ928,11
SEQ929,11
SEQ930,14
SEQ931,5
SEQ932,14
SEQ933,14
SEQ934,14
SEQ935,14
SEQ936,14
SEQ937,14
SEQ938,14
SEQ939,11
SEQ940,14
SEQ941,11
SEQ942,7
SEQ943,4
SEQ944,11
SEQ945,14
SEQ946,14
SEQ947,2
SEQ948,14
SEQ949,14
SEQ950,14
SEQ951,11
SEQ952,0
SEQ953,2
SEQ954,14
SEQ955,14
SEQ956,14
SEQ957,11
SEQ958,14
SEQ959,14
SEQ960,5
SEQ961,5
SEQ962,5
SEQ963,14
SEQ964,14
SEQ965,8
SEQ966,11
SEQ967,11
SEQ968,11
SEQ969,14
SEQ970,14
SEQ971,14
SEQ972,14
SEQ973,11
SEQ974,14
SEQ975,14
SEQ976,14
SEQ977,14
SEQ978,14
SEQ979,1
SEQ980,5
SEQ981,14
SEQ982,14
SEQ983,11
SEQ984,11
SEQ985,14
SEQ986,14
SEQ987,11
SEQ988,14
SEQ989,14
SEQ990,14
SEQ991,14
SEQ992,5
SEQ993,1
SEQ994,0
SEQ995,11
SEQ996,14
SEQ997,5
SEQ998,14
SEQ999,14
SEQ1000,14
SEQ1001,14
SEQ1002,5
SEQ1003,11
SEQ1004,14
SEQ1005,14
SEQ1006,14
SEQ1007,14
SEQ1008,14
SEQ1009,14
SEQ1010,5
SEQ1011,14
SEQ1012,5
SEQ1013,3
SEQ1014,11
SEQ1015,14
SEQ1016,0
SEQ1017,14
SEQ1018,14
SEQ1019,14
SEQ1020,11
SEQ1021,14
SEQ1022,11
SEQ1023,7
SEQ1024,11
SEQ1025,0
SEQ1026,5
SEQ1027,0
SEQ1028,5
SEQ1029,11
SEQ1030,1
SEQ1031,14
SEQ1032,14
SEQ1033,5
SEQ1034,14
SEQ1035,14
SEQ1036,14
SEQ1037,11
SEQ1038,11
SEQ1039,5
SEQ1040,5
SEQ1041,14
SEQ1042,14
SEQ1043,2
SEQ1044,14
SEQ1045,5
SEQ1046,14
SEQ1047,14
SEQ1048,14
SEQ1049,5
SEQ1050,14
SEQ1051,14
SEQ1052,14
SEQ1053,5
SEQ1054,14
SEQ1055,11
SEQ1056,14
SEQ1057,11
SEQ1058,0
SEQ1059,14
SEQ1060,14
SEQ1061,14
SEQ1062,14
SEQ1063,14
SEQ1064,14
SEQ1065,0
SEQ1066,5
SEQ1067,14
SEQ1068,14
SEQ1069,11
SEQ1070,14
SEQ1071,14
SEQ1072,14
SEQ1073,14
SEQ1074,14
SEQ1075,14
SEQ1076,14
SEQ1077,14
SEQ1078,14
SEQ1079,14
SEQ1080,5
SEQ1081,14
SEQ1082,14
SEQ1083,14
SEQ1084,5
SEQ1085,5
SEQ1086,14
SEQ1087,0
SEQ1088,14
SEQ1089,1
SEQ1090,14
SEQ1091,5
SEQ1092,14
SEQ1093,14
SEQ1094,14
SEQ1095,0
SEQ1096,11
SEQ1097,0
SEQ1098,5
SEQ1099,11
SEQ1100,5
SEQ1101,14
SEQ1102,11
SEQ1103,14
SEQ1104,14
SEQ1105,11
SEQ1106,5
SEQ1107,14
SEQ1108,11
SEQ1109,14
SEQ1110,14
SEQ1111,14
SEQ1112,14
SEQ1113,14
SEQ1114,14
SEQ1115,14
SEQ1116,5
SEQ1117,5
SEQ1118,14
SEQ1119,14
SEQ1120,14
SEQ1121,14
SEQ1122,14
SEQ1123,14
SEQ1124,11
SEQ1125,11
SEQ1126,14
SEQ1127,14
SEQ1128,0
SEQ1129,14
SEQ1130,14
SEQ1131,5
SEQ1132,14
SEQ1133,5
SEQ1134,14
SEQ1135,14
SEQ1136,0
SEQ1137,14
SEQ1138,5
SEQ1139,14
SEQ1140,14
SEQ1141,14
SEQ1142,14
SEQ1143,14
SEQ1144,14
SEQ1145,11
SEQ1146,11
SEQ1147,14
SEQ1148,14
SEQ1149,14
SEQ1150,14
SEQ1151,14
SEQ1152,1
SEQ1153,3
SEQ1154,14
SEQ1155,14
SEQ1156,14
SEQ1157,14
SEQ1158,14
SEQ1159,5
SEQ1160,11
SEQ1161,0
SEQ1162,14
SEQ1163,14
SEQ1164,5
SEQ1165,14
SEQ1166,14
SEQ1167,4
SEQ1168,14
SEQ1169,1
SEQ1170,11
SEQ1171,5
SEQ1172,11
SEQ1173,14
SEQ1174,14
SEQ1175,2
SEQ1176,11
SEQ1177,14
SEQ1178,14
SEQ1179,14
SEQ1180,5
SEQ1181,14
SEQ1182,14
SEQ1183,0
SEQ1184,11
SEQ1185,14
SEQ1186,14
SEQ1187,14
SEQ1188,5
SEQ1189,14
SEQ1190,1
SEQ1191,11
SEQ1192,5
SEQ1193,14
SEQ1194,11
SEQ1195,14
SEQ1196,11
SEQ1197,13
SEQ1198,11
SEQ1199,14
SEQ1200,6
SEQ1201,14
SEQ1202,14
SEQ1203,14
SEQ1204,4
SEQ1205,14
SEQ1206,14
SEQ1207,14
SEQ1208,14
SEQ1209,14
SEQ1210,5
SEQ1211,14
SEQ1212,5
SEQ1213,14
SEQ1214,14
SEQ1215,14
SEQ1216,11
SEQ1217,14
SEQ1218,14
SEQ1219,11
SEQ1220,14
SEQ1221,0
SEQ1222,11
SEQ1223,14
SEQ1224,5
SEQ1225,14
SEQ1226,5
SEQ1227,14
SEQ1228,11
SEQ1229,11
SEQ1230,14
SEQ1231,14
SEQ1232,5
SEQ1233,14
SEQ1234,9
SEQ1235,7
SEQ1236,14
SEQ1237,14
SEQ1238,14
SEQ1239,14
SEQ1240,14
SEQ1241,11
SEQ1242,11
SEQ1243,11
SEQ1244,14
SEQ1245,7
SEQ1246,14
SEQ1247,5
SEQ1248,14
SEQ1249,7
SEQ1250,1
SEQ1251,14
SEQ1252,11
SEQ1253,14
SEQ1254,11
SEQ1255,11
SEQ1256,11
SEQ1257,14
SEQ1258,14
SEQ1259,14
SEQ1260,14
SEQ1261,14
SEQ1262,9
SEQ1263,14
SEQ1264,11
SEQ1265,14
SEQ1266,14
SEQ1267,14
SEQ1268,0
SEQ1269,14
SEQ1270,11
SEQ1271,14
SEQ1272,11
SEQ1273,14
SEQ1274,14
SEQ1275,14
SEQ1276,14
SEQ1277,14
SEQ1278,14
SEQ1279,2
SEQ1280,8
SEQ1281,3
SEQ1282,5
SEQ1283,7
SEQ1284,14
SEQ1285,3
SEQ1286,14
SEQ1287,14
SEQ1288,11
SEQ1289,14
SEQ1290,14
SEQ1291,11
SEQ1292,14
SEQ1293,11
SEQ1294,11
SEQ1295,11
SEQ1296,0
SEQ1297,11
SEQ1298,14
SEQ1299,5
SEQ1300,11
SEQ1301,11
SEQ1302,14
SEQ1303,11
SEQ1304,14
SEQ1305,11
SEQ1306,11
SEQ1307,14
SEQ1308,7
SEQ1309,14
SEQ1310,5
SEQ1311,11
SEQ1312,7
SEQ1313,5
SEQ1314,14
SEQ1315,14
SEQ1316,14
SEQ1317,14
SEQ1318,11
SEQ1319,7
SEQ1320,14
SEQ1321,14
SEQ1322,5
SEQ1323,14
SEQ1324,14
SEQ1325,11
SEQ1326,11
SEQ1327,11
SEQ1328,14
SEQ1329,8
SEQ1330,11
SEQ1331,14
SEQ1332,14
SEQ1333,11
SEQ1334,2
SEQ1335,14
SEQ1336,5
SEQ1337,14
SEQ1338,11
SEQ1339,14
SEQ1340,11
SEQ1341,5
SEQ1342,11
SEQ1343,3
SEQ1344,14
SEQ1345,14
SEQ1346,14
SEQ1347,11
SEQ1348,11
SEQ1349,14
SEQ1350,14
SEQ1351,11
SEQ1352,14
SEQ1353,14
SEQ1354,14
SEQ1355,14
SEQ1356,14
SEQ1357,0
SEQ1358,14
SEQ1359,3
SEQ1360,11
SEQ1361,14
SEQ1362,14
SEQ1363,14
SEQ1364,11
SEQ1365,2
SEQ1366,1
SEQ1367,1
SEQ1368,11
SEQ1369,0
SEQ1370,5
SEQ1371,5
SEQ1372,14
SEQ1373,14
SEQ1374,14
SEQ1375,14
SEQ1376,7
SEQ1377,14
SEQ1378,14
SEQ1379,14
SEQ1380,1
SEQ1381,1
SEQ1382,14
SEQ1383,14
SEQ1384,0
SEQ1385,14
SEQ1386,14
SEQ1387,9
SEQ1388,14
SEQ1389,14
SEQ1390,14
SEQ1391,11
SEQ1392,0
SEQ1393,14
SEQ1394,1
SEQ1395,5
SEQ1396,1
SEQ1397,11
SEQ1398,14
SEQ1399,14
SEQ1400,14
SEQ1401,11
SEQ1402,14
SEQ1403,14
SEQ1404,11
SEQ1405,1
SEQ1406,7
SEQ1407,14
SEQ1408,7
SEQ1409,14
SEQ1410,14
SEQ1411,14
SEQ1412,11
SEQ1413,14
SEQ1414,6
SEQ1415,14
SEQ1416,14
SEQ1417,14
SEQ1418,14
SEQ1419,5
SEQ1420,14
SEQ1421,9
SEQ1422,7
SEQ1423,14
SEQ1424,2
SEQ1425,5
SEQ1426,14
SEQ1427,14
SEQ1428,1
SEQ1429,14
SEQ1430,5
SEQ1431,2
SEQ1432,13
SEQ1433,14
SEQ1434,5
SEQ1435,11
SEQ1436,5
SEQ1437,14
SEQ1438,14
SEQ1439,11
SEQ1440,14
SEQ1441,14
SEQ1442,14
SEQ1443,11
SEQ1444,14
SEQ1445,8
SEQ1446,14
SEQ1447,14
SEQ1448,14
SEQ1449,14
SEQ1450,14
SEQ1451,14
SEQ1452,11
SEQ1453,11
SEQ1454,7
SEQ1455,14
SEQ1456,11
SEQ1457,14
SEQ1458,14
SEQ1459,14
SEQ1460,14
SEQ1461,14
SEQ1462,11
SEQ1463,3
SEQ1464,14
SEQ1465,14
SEQ1466,5
SEQ1467,9
SEQ1468,14
SEQ1469,14
SEQ1470,14
SEQ1471,14
SEQ1472,11
SEQ1473,14
SEQ1474,11
SEQ1475,5
SEQ1476,14
SEQ1477,14
SEQ1478,14
SEQ1479,14
SEQ1480,5
SEQ1481,1
SEQ1482,0
SEQ1483,14
SEQ1484,11
SEQ1485,11
SEQ1486,14
SEQ1487,13
SEQ1488,7
SEQ1489,1
SEQ1490,7
SEQ1491,14
SEQ1492,14
SEQ1493,11
SEQ1494,7
SEQ1495,11
SEQ1496,14
SEQ1497,14
SEQ1498,14
SEQ1499,14
SEQ1500,11
SEQ1501,14
SEQ1502,14
SEQ1503,14
SEQ1504,14
SEQ1505,14
SEQ1506,14
SEQ1507,14
SEQ1508,14
SEQ1509,14
SEQ1510,2
SEQ1511,14
SEQ1512,5
SEQ1513,0
SEQ1514,14
SEQ1515,5
SEQ1516,7
SEQ1517,14
SEQ1518,0
SEQ1519,2
SEQ1520,14
SEQ1521,2
SEQ1522,11
SEQ1523,7
SEQ1524,14
SEQ1525,14
SEQ1526,14
SEQ1527,11
SEQ1528,1
SEQ1529,14
SEQ1530,14
SEQ1531,14
SEQ1532,14
SEQ1533,2
SEQ1534,14
SEQ1535,5
SEQ1536,5
SEQ1537,5
SEQ1538,14
SEQ1539,1
SEQ1540,14
SEQ1541,5
SEQ1542,14
SEQ1543,11
SEQ1544,14
SEQ1545,14
SEQ1546,14
SEQ1547,11
SEQ1548,14
SEQ1549,11
SEQ1550,14
SEQ1551,14
SEQ1552,5
SEQ1553,10
SEQ1554,14
SEQ1555,14
SEQ1556,11
SEQ1557,5
SEQ1558,14
SEQ1559,14
SEQ1560,6
SEQ1561,9
SEQ1562,11
SEQ1563,14
SEQ1564,14
SEQ1565,14
SEQ1566,14
SEQ1567,13
SEQ1568,14
SEQ1569,14
SEQ1570,14
SEQ1571,14
SEQ1572,13
SEQ1573,14
SEQ1574,7
SEQ1575,11
SEQ1576,11
SEQ1577,14
SEQ1578,14
SEQ1579,14
SEQ1580,14
SEQ1581,5
SEQ1582,1
SEQ1583,14
SEQ1584,14
SEQ1585,14
SEQ1586,11
SEQ1587,8
SEQ1588,14
SEQ1589,14
SEQ1590,5
SEQ1591,14
SEQ1592,11
SEQ1593,14
SEQ1594,14
SEQ1595,11
SEQ1596,14
SEQ1597,3
SEQ1598,14
SEQ1599,14
SEQ1600,14
SEQ1601,14
SEQ1602,11
SEQ1603,14
SEQ1604,14
SEQ1605,14
SEQ1606,14
SEQ1607,14
SEQ1608,14
SEQ1609,11
SEQ1610,14
SEQ1611,11
SEQ1612,14
SEQ1613,14
SEQ1614,5
SEQ1615,11
SEQ1616,14
SEQ1617,14
SEQ1618,14
SEQ1619,13
SEQ1620,14
SEQ1621,14
SEQ1622,5
SEQ1623,14
SEQ1624,14
SEQ1625,14
SEQ1626,1
SEQ1627,11
SEQ1628,5
SEQ1629,14
SEQ1630,14
SEQ1631,11
SEQ1632,14
SEQ1633,5
SEQ1634,14
SEQ1635,14
SEQ1636,14
SEQ1637,11
SEQ1638,5
SEQ1639,5
SEQ1640,11
SEQ1641,5
SEQ1642,5
SEQ1643,14
SEQ1644,14
SEQ1645,14
SEQ1646,5
SEQ1647,14
SEQ1648,14
SEQ1649,14
SEQ1650,14
SEQ1651,11
SEQ1652,0
SEQ1653,14
SEQ1654,11
SEQ1655,2
SEQ1656,8
SEQ1657,9
SEQ1658,14
SEQ1659,14
SEQ1660,11
SEQ1661,14
SEQ1662,14
SEQ1663,14
SEQ1664,3
SEQ1665,14
SEQ1666,14
SEQ1667,11
SEQ1668,14
SEQ1669,11
SEQ1670,14
SEQ1671,14
SEQ1672,2
SEQ1673,11
SEQ1674,5
SEQ1675,11
SEQ1676,5
SEQ1677,11
SEQ1678,7
SEQ1679,14
SEQ1680,11
SEQ1681,14
SEQ1682,2
SEQ1683,14
SEQ1684,3
SEQ1685,5
SEQ1686,11
SEQ1687,14
SEQ1688,14
SEQ1689,0
SEQ1690,8
SEQ1691,14
SEQ1692,6
SEQ1693,14
SEQ1694,14
SEQ1695,14
SEQ1696,5
SEQ1697,0
SEQ1698,14
SEQ1699,14
SEQ1700,3
SEQ1701,14
SEQ1702,11
SEQ1703,14
SEQ1704,14
SEQ1705,14
SEQ1706,14
SEQ1707,14
SEQ1708,14
SEQ1709,11
SEQ1710,0
SEQ1711,14
SEQ1712,5
SEQ1713,14
SEQ1714,11
SEQ1715,11
SEQ1716,11
SEQ1717,7
SEQ1718,9
SEQ1719,11
SEQ1720,14
SEQ1721,11
SEQ1722,14
SEQ1723,14
SEQ1724,14
SEQ1725,14
SEQ1726,14
SEQ1727,9
SEQ1728,14
SEQ1729,5
SEQ1730,14
SEQ1731,11
SEQ1732,14
SEQ1733,14
SEQ1734,14
SEQ1735,14
SEQ1736,11
SEQ1737,14
SEQ1738,5
SEQ1739,14
SEQ1740,14
SEQ1741,14
SEQ1742,14
SEQ1743,11
SEQ1744,14
SEQ1745,14
SEQ1746,11
SEQ1747,14
SEQ1748,14
SEQ1749,2
SEQ1750,14
SEQ1751,14
SEQ1752,1
SEQ1753,7
SEQ1754,14
SEQ1755,9
SEQ1756,14
SEQ1757,14
SEQ1758,2
SEQ1759,11
SEQ1760,11
SEQ1761,14
SEQ1762,14
SEQ1763,14
SEQ1764,7
SEQ1765,14
SEQ1766,14
SEQ1767,14
SEQ1768,14
SEQ1769,11
SEQ1770,11
SEQ1771,6
SEQ1772,14
SEQ1773,14
SEQ1774,5
SEQ1775,14
SEQ1776,14
SEQ1777,14
SEQ1778,14
SEQ1779,5
SEQ1780,14
SEQ1781,5
SEQ1782,14
SEQ1783,14
SEQ1784,14
SEQ1785,11
SEQ1786,7
SEQ1787,14
SEQ1788,14
SEQ1789,11
SEQ1790,14
SEQ1791,14
SEQ1792,14
SEQ1793,14
SEQ1794,14
SEQ1795,14
SEQ1796,5
SEQ1797,14
SEQ1798,14
SEQ1799,14
SEQ1800,14
SEQ1801,14
SEQ1802,14
SEQ1803,14
SEQ1804,14
SEQ1805,14
SEQ1806,14
SEQ1807,1
SEQ1808,14
SEQ1809,14
SEQ1810,14
SEQ1811,5
SEQ1812,14
SEQ1813,5
SEQ1814,14
SEQ1815,11
SEQ1816,14
SEQ1817,14
SEQ1818,5
SEQ1819,14
SEQ1820,14
SEQ1821,11
SEQ1822,14
SEQ1823,14
SEQ1824,11
SEQ1825,14
SEQ1826,14
SEQ1827,14
SEQ1828,5
SEQ1829,14
SEQ1830,14
SEQ1831,14
SEQ1832,5
SEQ1833,14
SEQ1834,14
SEQ1835,11
SEQ1836,14
SEQ1837,14
SEQ1838,5
SEQ1839,14
SEQ1840,14
SEQ1841,11
SEQ1842,14
SEQ1843,11
SEQ1844,14
SEQ1845,14
SEQ1846,14
SEQ1847,14
SEQ1848,14
SEQ1849,14
SEQ1850,14
SEQ1851,14
SEQ1852,11
SEQ1853,14
SEQ1854,7
SEQ1855,14
SEQ1856,11
SEQ1857,14
SEQ1858,14
SEQ1859,14
SEQ1860,11
SEQ1861,1
SEQ1862,14
SEQ1863,5
SEQ1864,5
SEQ1865,14
SEQ1866,14
SEQ1867,5
SEQ1868,14
SEQ1869,14
SEQ1870,2
SEQ1871,1
SEQ1872,14
SEQ1873,5
SEQ1874,14
SEQ1875,14
SEQ1876,14
SEQ1877,14
SEQ1878,11
SEQ1879,11
SEQ1880,14
SEQ1881,14
SEQ1882,5
SEQ1883,5
SEQ1884,14
SEQ1885,14
SEQ1886,14
SEQ1887,14
SEQ1888,14
SEQ1889,11
SEQ1890,14
SEQ1891,11
SEQ1892,14
SEQ1893,14
SEQ1894,14
SEQ1895,0
SEQ1896,14
SEQ1897,14
SEQ1898,2
SEQ1899,14
SEQ1900,14
SEQ1901,14
SEQ1902,7
SEQ1903,14
SEQ1904,14
SEQ1905,14
SEQ1906,14
SEQ1907,14
SEQ1908,14
SEQ1909,11
SEQ1910,14
SEQ1911,14
SEQ1912,11
SEQ1913,11
SEQ1914,11
SEQ1915,11
SEQ1916,11
SEQ1917,1
SEQ1918,14
SEQ1919,14
SEQ1920,14
SEQ1921,14
SEQ1922,14
SEQ1923,11
SEQ1924,14
SEQ1925,11
SEQ1926,14
SEQ1927,14
SEQ1928,5
SEQ1929,11
SEQ1930,14
SEQ1931,0
SEQ1932,7
SEQ1933,14
SEQ1934,14
SEQ1935,0
SEQ1936,11
SEQ1937,14
SEQ1938,14
SEQ1939,14
SEQ1940,11
SEQ1941,14
SEQ1942,14
SEQ1943,11
SEQ1944,14
SEQ1945,14
SEQ1946,14
SEQ1947,14
SEQ1948,14
SEQ1949,14
SEQ1950,6
SEQ1951,2
SEQ1952,5
SEQ1953,14
SEQ1954,14
SEQ1955,14
SEQ1956,5
SEQ1957,5
SEQ1958,11
SEQ1959,14
SEQ1960,14
SEQ1961,14
SEQ1962,14
SEQ1963,5
SEQ1964,14
SEQ1965,14
SEQ1966,14
SEQ1967,1
SEQ1968,5
SEQ1969,14
SEQ1970,11
SEQ1971,11
SEQ1972,14
SEQ1973,6
SEQ1974,14
SEQ1975,5
SEQ1976,14
SEQ1977,14
SEQ1978,11
SEQ1979,14
SEQ1980,14
SEQ1981,11
SEQ1982,8
SEQ1983,14
SEQ1984,7
SEQ1985,14
SEQ1986,11
SEQ1987,14
SEQ1988,14
SEQ1989,5
SEQ1990,1
SEQ1991,6
SEQ1992,14
SEQ1993,11
SEQ1994,7
SEQ1995,11
SEQ1996,7
SEQ1997,11
SEQ1998,14
SEQ1999,14
SEQ2000,14
SEQ2001,14
SEQ2002,14
SEQ2003,14
SEQ2004,14
SEQ2005,11
SEQ2006,14
SEQ2007,14
SEQ2008,14
SEQ2009,14
SEQ2010,8
SEQ2011,0
SEQ2012,5
SEQ2013,5
SEQ2014,14
SEQ2015,11
SEQ2016,0
SEQ2017,0
SEQ2018,11
SEQ2019,11
SEQ2020,14
SEQ2021,11
SEQ2022,5
SEQ2023,14
SEQ2024,11
SEQ2025,14
SEQ2026,5
SEQ2027,11
SEQ2028,14
SEQ2029,14
SEQ2030,11
SEQ2031,14
SEQ2032,14
SEQ2033,14
SEQ2034,7
SEQ2035,14
SEQ2036,14
SEQ2037,14
SEQ2038,14
SEQ2039,14
SEQ2040,14
SEQ2041,11
SEQ2042,1
SEQ2043,14
SEQ2044,9
SEQ2045,14
SEQ2046,11
SEQ2047,14
SEQ2048,1
SEQ2049,14
SEQ2050,5
SEQ2051,5
SEQ2052,14
SEQ2053,11
SEQ2054,14
SEQ2055,14
SEQ2056,14
SEQ2057,14
SEQ2058,5
SEQ2059,14
SEQ2060,5
SEQ2061,14
SEQ2062,11
SEQ2063,14
SEQ2064,11
SEQ2065,14
SEQ2066,14
SEQ2067,14
SEQ2068,14
SEQ2069,0
SEQ2070,14
SEQ2071,14
SEQ2072,14
SEQ2073,14
SEQ2074,14
SEQ2075,14
SEQ2076,8
SEQ2077,14
SEQ2078,14
SEQ2079,14
SEQ2080,14
SEQ2081,11
SEQ2082,7
SEQ2083,11
SEQ2084,14
SEQ2085,14
SEQ2086,5
SEQ2087,11
SEQ2088,14
SEQ2089,14
SEQ2090,5
SEQ2091,14
SEQ2092,3
SEQ2093,11
SEQ2094,14
SEQ2095,14
SEQ2096,5
SEQ2097,8
SEQ2098,14
SEQ2099,14
SEQ2100,11
SEQ2101,0
SEQ2102,11
SEQ2103,2
SEQ2104,14
SEQ2105,14
SEQ2106,2
SEQ2107,14
SEQ2108,5
SEQ2109,14
SEQ2110,11
SEQ2111,14
SEQ2112,14
SEQ2113,0
SEQ2114,14
SEQ2115,14
SEQ2116,14
SEQ2117,14
SEQ2118,5
SEQ2119,0
SEQ2120,14
SEQ2121,14
SEQ2122,14
SEQ2123,5
SEQ2124,14
SEQ2125,0
SEQ2126,14
SEQ2127,14
SEQ2128,14
SEQ2129,14
SEQ2130,14
SEQ2131,9
SEQ2132,14
SEQ2133,6
SEQ2134,14
SEQ2135,11
SEQ2136,5
SEQ2137,14
SEQ2138,14
SEQ2139,14
SEQ2140,5
SEQ2141,14
SEQ2142,14
SEQ2143,14
SEQ2144,14
SEQ2145,14
SEQ2146,14
SEQ2147,14
SEQ2148,14
SEQ2149,0
SEQ2150,2
SEQ2151,11
SEQ2152,14
SEQ2153,14
SEQ2154,14
SEQ2155,14
SEQ2156,14
SEQ2157,5
SEQ2158,5
SEQ2159,11
SEQ2160,14
SEQ2161,14
SEQ2162,14
SEQ2163,14
SEQ2164,14
SEQ2165,14
SEQ2166,11
SEQ2167,0
SEQ2168,14
SEQ2169,14
SEQ2170,14
SEQ2171,5
SEQ2172,14
SEQ2173,1
SEQ2174,0
SEQ2175,14
SEQ2176,11
SEQ2177,11
SEQ2178,0
SEQ2179,14
SEQ2180,14
SEQ2181,14
SEQ2182,5
SEQ2183,5
SEQ2184,14
SEQ2185,14
SEQ2186,14
SEQ2187,2
SEQ2188,11
SEQ2189,14
SEQ2190,5
SEQ2191,14
SEQ2192,14
SEQ2193,5
SEQ2194,5
SEQ2195,14
SEQ2196,14
SEQ2197,14
SEQ2198,14
SEQ2199,0
SEQ2200,7
SEQ2201,8
SEQ2202,14
SEQ2203,11
SEQ2204,5
SEQ2205,14
SEQ2206,11
SEQ2207,14
SEQ2208,5
SEQ2209,14
SEQ2210,14
SEQ2211,2
SEQ2212,5
SEQ2213,14
SEQ2214,2
SEQ2215,14
SEQ2216,14
SEQ2217,11
SEQ2218,14
SEQ2219,14
SEQ2220,14
SEQ2221,14
SEQ2222,14
SEQ2223,5
SEQ2224,11
SEQ2225,1
SEQ2226,14
SEQ2227,12
SEQ2228,14
SEQ2229,14
SEQ2230,11
SEQ2231,7
SEQ2232,14
SEQ2233,5
SEQ2234,14
SEQ2235,0
SEQ2236,5
SEQ2237,2
SEQ2238,14
SEQ2239,1
SEQ2240,14
SEQ2241,11
SEQ2242,14
SEQ2243,14
SEQ2244,0
SEQ2245,14
SEQ2246,14
SEQ2247,5
SEQ2248,14
SEQ2249,14
SEQ2250,14
SEQ2251,14
SEQ2252,14
SEQ2253,14
SEQ2254,14
SEQ2255,11
SEQ2256,14
SEQ2257,2
SEQ2258,5
SEQ2259,11
SEQ2260,14
SEQ2261,12
SEQ2262,11
SEQ2263,14
SEQ2264,14
SEQ2265,14
SEQ2266,7
SEQ2267,14
SEQ2268,5
SEQ2269,11
SEQ2270,7
SEQ2271,11
SEQ2272,2
SEQ2273,14
SEQ2274,14
SEQ2275,6
SEQ2276,14
SEQ2277,5
SEQ2278,11
SEQ2279,14
SEQ2280,2
SEQ2281,14
SEQ2282,14
SEQ2283,14
SEQ2284,5
SEQ2285,1
SEQ2286,14
SEQ2287,14
SEQ2288,14
SEQ2289,11
SEQ2290,11
SEQ2291,14
SEQ2292,14
SEQ2293,0
SEQ2294,7
SEQ2295,5
SEQ2296,1
SEQ2297,14
SEQ2298,11
SEQ2299,14
SEQ2300,5
SEQ2301,11
SEQ2302,14
SEQ2303,14
SEQ2304,14
SEQ2305,14
SEQ2306,14
SEQ2307,14
SEQ2308,7
SEQ2309,14
SEQ2310,14
SEQ2311,14
SEQ2312,14
SEQ2313,14
SEQ2314,14
SEQ2315,5
SEQ2316,14
SEQ2317,14
SEQ2318,14
SEQ2319,11
SEQ2320,11
SEQ2321,14
SEQ2322,0
SEQ2323,1
SEQ2324,2
SEQ2325,8
SEQ2326,14
SEQ2327,14
SEQ2328,7
SEQ2329,14
SEQ2330,11
SEQ2331,5
SEQ2332,14
SEQ2333,14
SEQ2334,13
SEQ2335,5
SEQ2336,14
SEQ2337,14
SEQ2338,0
SEQ2339,14
SEQ2340,14
SEQ2341,14
SEQ2342,13
SEQ2343,14
SEQ2344,11
SEQ2345,0
SEQ2346,14
SEQ2347,11
SEQ2348,1
SEQ2349,5
SEQ2350,11
SEQ2351,14
SEQ2352,5
SEQ2353,14
SEQ2354,14
SEQ2355,14
SEQ2356,11
SEQ2357,5
SEQ2358,14
SEQ2359,14
SEQ2360,14
SEQ2361,14
SEQ2362,14
SEQ2363,14
SEQ2364,11
SEQ2365,14
SEQ2366,14
SEQ2367,14
SEQ2368,14
SEQ2369,14
SEQ2370,14
SEQ2371,5
SEQ2372,5
SEQ2373,2
SEQ2374,14
SEQ2375,7
SEQ2376,14
SEQ2377,14
SEQ2378,14
SEQ2379,14
SEQ2380,14
SEQ2381,0
SEQ2382,14
SEQ2383,0
SEQ2384,14
SEQ2385,5
SEQ2386,14
SEQ2387,5
SEQ2388,1
SEQ2389,14
SEQ2390,14
SEQ2391,14
SEQ2392,11
SEQ2393,14
SEQ2394,5
SEQ2395,14
SEQ2396,8
SEQ2397,14
SEQ2398,14
SEQ2399,14
SEQ2400,5
SEQ2401,14
SEQ2402,14
SEQ2403,5
SEQ2404,10
SEQ2405,5
SEQ2406,14
SEQ2407,14
SEQ2408,11
SEQ2409,11
SEQ2410,5
SEQ2411,14
SEQ2412,14
SEQ2413,14
SEQ2414,14
SEQ2415,5
SEQ2416,4
SEQ2417,14
SEQ2418,14
SEQ2419,1
SEQ2420,14
SEQ2421,14
SEQ2422,11
SEQ2423,14
SEQ2424,11
SEQ2425,14
SEQ2426,3
SEQ2427,14
SEQ2428,11
SEQ2429,14
SEQ2430,11
SEQ2431,14
SEQ2432,8
SEQ2433,14
SEQ2434,14
SEQ2435,14
SEQ2436,14
SEQ2437,14
SEQ2438,14
SEQ2439,5
SEQ2440,7
SEQ2441,14
SEQ2442,3
SEQ2443,14
SEQ2444,1
SEQ2445,14
SEQ2446,14
SEQ2447,14
SEQ2448,14
SEQ2449,14
SEQ2450,14
SEQ2451,11
SEQ2452,1
SEQ2453,11
SEQ2454,14
SEQ2455,11
SEQ2456,0
SEQ2457,0
SEQ2458,11
SEQ2459,14
SEQ2460,5
SEQ2461,14
SEQ2462,5
SEQ2463,0
SEQ2464,5
SEQ2465,5
SEQ2466,14
SEQ2467,8
SEQ2468,7
SEQ2469,11
SEQ2470,14
SEQ2471,11
SEQ2472,14
SEQ2473,14
SEQ2474,14
SEQ2475,14
SEQ2476,14
SEQ2477,1
SEQ2478,14
SEQ2479,0
SEQ2480,14
SEQ2481,14
SEQ2482,14
SEQ2483,14
SEQ2484,14
SEQ2485,2
SEQ2486,11
SEQ2487,11
SEQ2488,14
SEQ2489,14
SEQ2490,2
SEQ2491,11
SEQ2492,11
SEQ2493,11
SEQ2494,14
SEQ2495,14
SEQ2496,14
SEQ2497,14
SEQ2498,11
SEQ2499,11
SEQ2500,14
SEQ2501,5
SEQ2502,14
SEQ2503,11
SEQ2504,5
SEQ2505,4
SEQ2506,3
SEQ2507,14
SEQ2508,14
SEQ2509,14
SEQ2510,3
SEQ2511,13
SEQ2512,14
SEQ2513,14
SEQ2514,14
SEQ2515,14
SEQ2516,5
SEQ2517,14
SEQ2518,14
SEQ2519,14
SEQ2520,5
SEQ2521,14
SEQ2522,1
SEQ2523,14
SEQ2524,14
SEQ2525,14
SEQ2526,14
SEQ2527,14
SEQ2528,14
SEQ2529,5
SEQ2530,5
SEQ2531,14
SEQ2532,14
SEQ2533,14
SEQ2534,14
SEQ2535,14
SEQ2536,14
SEQ2537,5
SEQ2538,14
SEQ2539,14
SEQ2540,11
SEQ2541,14
SEQ2542,14
SEQ2543,14
SEQ2544,14
SEQ2545,14
SEQ2546,5
SEQ2547,14
SEQ2548,14
SEQ2549,14
SEQ2550,1
SEQ2551,11
SEQ2552,14
SEQ2553,14
SEQ2554,11
SEQ2555,14
SEQ2556,6
SEQ2557,14
SEQ2558,14
SEQ2559,11
SEQ2560,14
SEQ2561,11
SEQ2562,14
SEQ2563,14
SEQ2564,14
SEQ2565,14
SEQ2566,14
SEQ2567,5
SEQ2568,5
SEQ2569,14
SEQ2570,4
SEQ2571,5
SEQ2572,14
SEQ2573,14
SEQ2574,14
SEQ2575,14
SEQ2576,14
SEQ2577,0
SEQ2578,5
SEQ2579,14
SEQ2580,11
SEQ2581,5
SEQ2582,14
SEQ2583,14
SEQ2584,14
SEQ2585,14
SEQ2586,14
SEQ2587,14
SEQ2588,11
SEQ2589,14
SEQ2590,14
SEQ2591,14
SEQ2592,14
SEQ2593,14
SEQ2594,11
SEQ2595,14
SEQ2596,14
SEQ2597,5
SEQ2598,14
SEQ2599,14
SEQ2600,14
SEQ2601,5
SEQ2602,14
SEQ2603,14
SEQ2604,2
SEQ2605,14
SEQ2606,14
SEQ2607,14
SEQ2608,11
SEQ2609,11
SEQ2610,14
SEQ2611,14
SEQ2612,6
SEQ2613,11
SEQ2614,11
SEQ2615,14
SEQ2616,14
SEQ2617,14
SEQ2618,14
SEQ2619,14
SEQ2620,14
SEQ2621,14
SEQ2622,14
SEQ2623,0
SEQ2624,5
SEQ2625,14
SEQ2626,14
SEQ2627,14
SEQ2628,14
SEQ2629,14
SEQ2630,5
SEQ2631,14
SEQ2632,14
SEQ2633,0
SEQ2634,11
SEQ2635,5
SEQ2636,14
SEQ2637,14
SEQ2638,14
SEQ2639,14
SEQ2640,14
SEQ2641,14
SEQ2642,14
SEQ2643,14
SEQ2644,14
SEQ2645,1
SEQ2646,14
SEQ2647,1
SEQ2648,14
SEQ2649,14
SEQ2650,1
SEQ2651,14
SEQ2652,7
SEQ2653,11
SEQ2654,0
SEQ2655,14
SEQ2656,14
SEQ2657,5
SEQ2658,14
SEQ2659,5
SEQ2660,1
SEQ2661,14
SEQ2662,7
SEQ2663,5
SEQ2664,11
SEQ2665,14
SEQ2666,14
SEQ2667,14
SEQ2668,14
SEQ2669,14
SEQ2670,14
SEQ2671,14
SEQ2672,7
SEQ2673,14
SEQ2674,11
SEQ2675,5
SEQ2676,1
SEQ2677,0
SEQ2678,5
SEQ2679,14
SEQ2680,11
SEQ2681,11
SEQ2682,5
SEQ2683,14
SEQ2684,14
SEQ2685,14
SEQ2686,11
SEQ2687,12
SEQ2688,5
SEQ2689,7
SEQ2690,7
SEQ2691,14
SEQ2692,11
SEQ2693,14
SEQ2694,14
SEQ2695,14
SEQ2696,14
SEQ2697,2
SEQ2698,14
SEQ2699,11
SEQ2700,14
SEQ2701,5
SEQ2702,14
SEQ2703,14
SEQ2704,1
SEQ2705,14
SEQ2706,5
SEQ2707,14
SEQ2708,1
SEQ2709,11
SEQ2710,0
SEQ2711,14
SEQ2712,14
SEQ2713,14
SEQ2714,14
SEQ2715,1
SEQ2716,14
SEQ2717,1
SEQ2718,14
SEQ2719,11
SEQ2720,9
SEQ2721,14
SEQ2722,14
SEQ2723,5
SEQ2724,14
SEQ2725,14
SEQ2726,2
SEQ2727,0
SEQ2728,14
SEQ2729,5
SEQ2730,14
SEQ2731,1
SEQ2732,14
SEQ2733,14
SEQ2734,14
SEQ2735,14
SEQ2736,7
SEQ2737,5
SEQ2738,14
SEQ2739,14
SEQ2740,14
SEQ2741,14
SEQ2742,11
SEQ2743,14
SEQ2744,5
SEQ2745,11
SEQ2746,14
SEQ2747,14
SEQ2748,14
SEQ2749,14
SEQ2750,14
SEQ2751,14
SEQ2752,14
SEQ2753,11
SEQ2754,14
SEQ2755,5
SEQ2756,14
SEQ2757,3
SEQ2758,14
SEQ2759,14
SEQ2760,14
SEQ2761,14
SEQ2762,5
SEQ2763,11
SEQ2764,14
SEQ2765,14
SEQ2766,14
SEQ2767,14
SEQ2768,11
SEQ2769,14
SEQ2770,11
SEQ2771,14
SEQ2772,14
SEQ2773,14
SEQ2774,14
SEQ2775,9
SEQ2776,14
SEQ2777,14
SEQ2778,11
SEQ2779,14
SEQ2780,3
SEQ2781,14
SEQ2782,14
SEQ2783,11
SEQ2784,14
SEQ2785,5
SEQ2786,14
SEQ2787,14
SEQ2788,11
SEQ2789,5
SEQ2790,14
SEQ2791,0
SEQ2792,11
SEQ2793,14
SEQ2794,14
SEQ2795,14
SEQ2796,14
SEQ2797,5
SEQ2798,14
SEQ2799,14
SEQ2800,11
SEQ2801,14
SEQ2802,11
SEQ2803,14
SEQ2804,14
SEQ2805,14
SEQ2806,5
SEQ2807,11
SEQ2808,8
SEQ2809,11
SEQ2810,14
SEQ2811,6
SEQ2812,14
SEQ2813,14
SEQ2814,5
SEQ2815,14
SEQ2816,14
SEQ2817,0
SEQ2818,5
SEQ2819,14
SEQ2820,14
SEQ2821,5
SEQ2822,14
SEQ2823,11
SEQ2824,14
SEQ2825,1
SEQ2826,14
SEQ2827,14
SEQ2828,5
SEQ2829,14
SEQ2830,0
SEQ2831,14
SEQ2832,14
SEQ2833,14
SEQ2834,14
SEQ2835,5
SEQ2836,14
SEQ2837,1
SEQ2838,14
SEQ2839,5
SEQ2840,14
SEQ2841,14
SEQ2842,14
SEQ2843,7
SEQ2844,2
SEQ2845,14
SEQ2846,14
SEQ2847,6
SEQ2848,11
SEQ2849,1
SEQ2850,14
SEQ2851,11
SEQ2852,14
SEQ2853,14
SEQ2854,14
SEQ2855,14
SEQ2856,14
SEQ2857,2
SEQ2858,14
SEQ2859,14
SEQ2860,11
SEQ2861,14
SEQ2862,11
SEQ2863,14
SEQ2864,14
SEQ2865,14
SEQ2866,7
SEQ2867,11
SEQ2868,14
SEQ2869,11
SEQ2870,10
SEQ2871,14
SEQ2872,14
SEQ2873,11
SEQ2874,14
SEQ2875,14
SEQ2876,14
SEQ2877,11
SEQ2878,14
SEQ2879,11
SEQ2880,14
SEQ2881,14
SEQ2882,5
SEQ2883,14
SEQ2884,5
SEQ2885,14
SEQ2886,11
SEQ2887,0
SEQ2888,14
SEQ2889,14
SEQ2890,9
SEQ2891,11
SEQ2892,14
SEQ2893,14
SEQ2894,0
SEQ2895,5
SEQ2896,14
SEQ2897,11
SEQ2898,11
SEQ2899,14
SEQ2900,14
SEQ2901,14
SEQ2902,14
SEQ2903,14
SEQ2904,14
SEQ2905,14
SEQ2906,11
SEQ2907,14
SEQ2908,14
SEQ2909,5
SEQ2910,14
SEQ2911,14
SEQ2912,1
SEQ2913,0
SEQ2914,14
SEQ2915,14
SEQ2916,14
SEQ2917,9
SEQ2918,14
SEQ2919,8
SEQ2920,14
SEQ2921,14
SEQ2922,14
SEQ2923,14
SEQ2924,14
SEQ2925,14
SEQ2926,1
SEQ2927,14
SEQ2928,14
SEQ2929,14
SEQ2930,14
SEQ2931,14
SEQ2932,11
SEQ2933,14
SEQ2934,14
SEQ2935,5
SEQ2936,14
SEQ2937,7
SEQ2938,5
SEQ2939,14
SEQ2940,5
SEQ2941,11
SEQ2942,5
SEQ2943,8
SEQ2944,11
SEQ2945,14
SEQ2946,14
SEQ2947,11
SEQ2948,2
SEQ2949,14
SEQ2950,14
SEQ2951,14
SEQ2952,14
SEQ2953,14
SEQ2954,11
SEQ2955,0
SEQ2956,14
SEQ2957,14
SEQ2958,14
SEQ2959,14
SEQ2960,7
SEQ2961,11
SEQ2962,11
SEQ2963,11
SEQ2964,5
SEQ2965,14
SEQ2966,2
SEQ2967,14
SEQ2968,11
SEQ2969,14
SEQ2970,14
SEQ2971,5
SEQ2972,14
SEQ2973,11
SEQ2974,9
SEQ2975,6
SEQ2976,6
SEQ2977,14
SEQ2978,0
SEQ2979,11
SEQ2980,14
SEQ2981,14
SEQ2982,2
SEQ2983,7
SEQ2984,14
SEQ2985,14
SEQ2986,14
SEQ2987,5
SEQ2988,14
SEQ2989,5
SEQ2990,11
SEQ2991,14
SEQ2992,14
SEQ2993,11
SEQ2994,14
SEQ2995,14
SEQ2996,0
SEQ2997,14
SEQ2998,2
SEQ2999,11
SEQ3000,11
SEQ3001,11
SEQ3002,1
SEQ3003,5
SEQ3004,5
SEQ3005,14
SEQ3006,14
SEQ3007,5
SEQ3008,14
SEQ3009,14
SEQ3010,14
SEQ3011,14
SEQ3012,14
SEQ3013,7
SEQ3014,14
SEQ3015,11
SEQ3016,9
SEQ3017,14
SEQ3018,14
SEQ3019,11
SEQ3020,5
SEQ3021,14
SEQ3022,14
SEQ3023,14
SEQ3024,5
SEQ3025,5
SEQ3026,14
SEQ3027,14
SEQ3028,6
SEQ3029,14
SEQ3030,14
SEQ3031,14
SEQ3032,11
SEQ3033,14
SEQ3034,14
SEQ3035,0
SEQ3036,14
SEQ3037,14
SEQ3038,14
SEQ3039,11
SEQ3040,11
SEQ3041,14
SEQ3042,14
SEQ3043,11
SEQ3044,7
SEQ3045,7
SEQ3046,14
SEQ3047,14
SEQ3048,14
SEQ3049,11
SEQ3050,14
SEQ3051,11
SEQ3052,0
SEQ3053,2
SEQ3054,14
SEQ3055,5
SEQ3056,7
SEQ3057,14
SEQ3058,8
SEQ3059,11
SEQ3060,5
SEQ3061,14
SEQ3062,14
SEQ3063,1
SEQ3064,14
SEQ3065,14
SEQ3066,11
SEQ3067,14
SEQ3068,11
SEQ3069,11
SEQ3070,14
SEQ3071,14
SEQ3072,14
SEQ3073,14
SEQ3074,14
SEQ3075,14
SEQ3076,7
SEQ3077,14
SEQ3078,14
SEQ3079,5
SEQ3080,14
SEQ3081,14
SEQ3082,14
SEQ3083,5
SEQ3084,6
SEQ3085,14
SEQ3086,11
SEQ3087,2
SEQ3088,14
SEQ3089,13
SEQ3090,14
SEQ3091,14
SEQ3092,11
SEQ3093,14
SEQ3094,5
SEQ3095,14
SEQ3096,14
SEQ3097,5
SEQ3098,14
SEQ3099,14
SEQ3100,1
SEQ3101,5
SEQ3102,14
SEQ3103,1
SEQ3104,14
SEQ3105,14
SEQ3106,14
SEQ3107,14
SEQ3108,11
SEQ3109,14
SEQ3110,8
SEQ3111,5
SEQ3112,9
SEQ3113,14
SEQ3114,14
SEQ3115,14
SEQ3116,7
SEQ3117,7
SEQ3118,14
SEQ3119,14
SEQ3120,14
SEQ3121,14
SEQ3122,6
SEQ3123,7
SEQ3124,7
SEQ3125,2
SEQ3126,14
SEQ3127,14
SEQ3128,2
SEQ3129,1
SEQ3130,5
SEQ3131,14
SEQ3132,11
SEQ3133,5
SEQ3134,14
SEQ3135,14
SEQ3136,14
SEQ3137,11
SEQ3138,2
SEQ3139,14
SEQ3140,14
SEQ3141,14
SEQ3142,14
SEQ3143,11
SEQ3144,2
SEQ3145,14
SEQ3146,2
SEQ3147,14
SEQ3148,7
SEQ3149,14
SEQ3150,7
SEQ3151,14
SEQ3152,14
SEQ3153,1
SEQ3154,11
SEQ3155,5
SEQ3156,5
SEQ3157,1
SEQ3158,14
SEQ3159,0
SEQ3160,14
SEQ3161,11
SEQ3162,14
SEQ3163,14
SEQ3164,5
SEQ3165,14
SEQ3166,7
SEQ3167,1
SEQ3168,11
SEQ3169,11
SEQ3170,11
SEQ3171,5
SEQ3172,14
SEQ3173,5
SEQ3174,5
SEQ3175,14
SEQ3176,14
SEQ3177,7
SEQ3178,11
SEQ3179,2
SEQ3180,14
SEQ3181,11
SEQ3182,7
SEQ3183,14
SEQ3184,14
SEQ3185,14
SEQ3186,14
SEQ3187,11
SEQ3188,11
SEQ3189,5
SEQ3190,14
SEQ3191,14
SEQ3192,14
SEQ3193,5
SEQ3194,2
SEQ3195,5
SEQ3196,2
SEQ3197,9
SEQ3198,11
SEQ3199,5
SEQ3200,5
SEQ3201,11
SEQ3202,14
SEQ3203,14
SEQ3204,5
SEQ3205,5
SEQ3206,5
SEQ3207,3
SEQ3208,5
SEQ3209,14
SEQ3210,5
SEQ3211,14
SEQ3212,11
SEQ3213,14
SEQ3214,14
SEQ3215,14
SEQ3216,14
SEQ3217,0
SEQ3218,11
SEQ3219,8
SEQ3220,14
SEQ3221,0
SEQ3222,14
SEQ3223,14
SEQ3224,5
SEQ3225,11
SEQ3226,14
SEQ3227,14
SEQ3228,14
SEQ3229,14
SEQ3230,7
SEQ3231,1
SEQ3232,14
SEQ3233,14
SEQ3234,11
SEQ3235,14
SEQ3236,2
SEQ3237,14
SEQ3238,5
SEQ3239,2
SEQ3240,14
SEQ3241,14
SEQ3242,14
SEQ3243,11
SEQ3244,14
SEQ3245,14
SEQ3246,5
SEQ3247,3
SEQ3248,14
SEQ3249,14
SEQ3250,0
SEQ3251,14
SEQ3252,5
SEQ3253,11
SEQ3254,11
SEQ3255,14
SEQ3256,5
SEQ3257,14
SEQ3258,5
SEQ3259,14
SEQ3260,14
SEQ3261,7
SEQ3262,1
SEQ3263,14
SEQ3264,14
SEQ3265,11
SEQ3266,1
SEQ3267,14
SEQ3268,5
SEQ3269,11
SEQ3270,11
SEQ3271,14
SEQ3272,14
SEQ3273,7
SEQ3274,14
SEQ3275,1
SEQ3276,11
SEQ3277,2
SEQ3278,14
SEQ3279,14
SEQ3280,14
SEQ3281,14
SEQ3282,0
SEQ3283,14
SEQ3284,14
SEQ3285,14
SEQ3286,5
SEQ3287,1
SEQ3288,14
SEQ3289,2
SEQ3290,14
SEQ3291,14
SEQ3292,14
SEQ3293,14
SEQ3294,14
SEQ3295,11
SEQ3296,14
SEQ3297,5
SEQ3298,11
SEQ3299,14
SEQ3300,14
SEQ3301,14
SEQ3302,14
SEQ3303,14
SEQ3304,1
SEQ3305,14
SEQ3306,11
SEQ3307,5
SEQ3308,14
SEQ3309,14
SEQ3310,5
SEQ3311,11
SEQ3312,1
SEQ3313,14
SEQ3314,14
SEQ3315,11
SEQ3316,7
SEQ3317,14
SEQ3318,14
SEQ3319,14
SEQ3320,14
SEQ3321,14
SEQ3322,14
SEQ3323,11
SEQ3324,2
SEQ3325,14
SEQ3326,2
SEQ3327,14
SEQ3328,11
SEQ3329,11
SEQ3330,7
SEQ3331,14
SEQ3332,14
SEQ3333,5
SEQ3334,14
SEQ3335,11
SEQ3336,4
SEQ3337,14
SEQ3338,14
SEQ3339,9
SEQ3340,5
SEQ3341,11
SEQ3342,14
SEQ3343,8
SEQ3344,14
SEQ3345,9
SEQ3346,14
SEQ3347,14
SEQ3348,5
SEQ3349,1
SEQ3350,14
SEQ3351,14
SEQ3352,5
SEQ3353,14
SEQ3354,14
SEQ3355,11
SEQ3356,11
SEQ3357,14
SEQ3358,7
SEQ3359,14
SEQ3360,14
SEQ3361,14
SEQ3362,14
SEQ3363,14
SEQ3364,14
SEQ3365,14
SEQ3366,14
SEQ3367,14
SEQ3368,7
SEQ3369,14
SEQ3370,11
SEQ3371,14
SEQ3372,14
SEQ3373,1
SEQ3374,14
SEQ3375,11
SEQ3376,11
SEQ3377,14
SEQ3378,14
SEQ3379,5
SEQ3380,14
SEQ3381,5
SEQ3382,14
SEQ3383,14
SEQ3384,14
SEQ3385,14
SEQ3386,11
SEQ3387,9
SEQ3388,14
SEQ3389,6
SEQ3390,14
SEQ3391,7
SEQ3392,7
SEQ3393,14
SEQ3394,13
SEQ3395,14
SEQ3396,14
SEQ3397,11
SEQ3398,5
SEQ3399,14
SEQ3400,11
SEQ3401,11
SEQ3402,14
SEQ3403,5
SEQ3404,5
SEQ3405,1
SEQ3406,5
SEQ3407,14
SEQ3408,5
SEQ3409,7
SEQ3410,11
SEQ3411,14
SEQ3412,14
SEQ3413,5
SEQ3414,14
SEQ3415,0
SEQ3416,11
SEQ3417,14
SEQ3418,8
SEQ3419,14
SEQ3420,14
SEQ3421,9
SEQ3422,14
SEQ3423,14
SEQ3424,11
SEQ3425,14
SEQ3426,14
SEQ3427,14
SEQ3428,14
SEQ3429,3
SEQ3430,5
SEQ3431,14
SEQ3432,14
SEQ3433,11
SEQ3434,14
SEQ3435,11
SEQ3436,14
SEQ3437,14
SEQ3438,14
SEQ3439,11
SEQ3440,14
SEQ3441,14
SEQ3442,14
SEQ3443,14
SEQ3444,14
SEQ3445,14
SEQ3446,5
SEQ3447,5
SEQ3448,13
SEQ3449,1
SEQ3450,2
SEQ3451,14
SEQ3452,11
SEQ3453,14
SEQ3454,5
SEQ3455,0
SEQ3456,7
SEQ3457,14
SEQ3458,1
SEQ3459,5
SEQ3460,2
SEQ3461,14
SEQ3462,14
SEQ3463,13
SEQ3464,11
SEQ3465,14
SEQ3466,14
SEQ3467,14
SEQ3468,14
SEQ3469,14
SEQ3470,11
SEQ3471,14
SEQ3472,14
SEQ3473,5
SEQ3474,14
SEQ3475,14
SEQ3476,5
SEQ3477,14
SEQ3478,14
SEQ3479,11
SEQ3480,14
SEQ3481,6
SEQ3482,5
SEQ3483,0
SEQ3484,14
SEQ3485,11
SEQ3486,14
SEQ3487,11
SEQ3488,14
SEQ3489,2
SEQ3490,5
SEQ3491,11
SEQ3492,14
SEQ3493,11
SEQ3494,14
SEQ3495,1
SEQ3496,14
SEQ3497,14
SEQ3498,1
SEQ3499,14
SEQ3500,13
SEQ3501,14
SEQ3502,11
SEQ3503,14
SEQ3504,13
SEQ3505,14
SEQ3506,14
SEQ3507,11
SEQ3508,14
SEQ3509,6
SEQ3510,11
SEQ3511,14
SEQ3512,5
SEQ3513,5
SEQ3514,11
SEQ3515,14
SEQ3516,14
SEQ3517,7
SEQ3518,14
SEQ3519,5
SEQ3520,14
SEQ3521,5
SEQ3522,14
SEQ3523,14
SEQ3524,14
SEQ3525,11
SEQ3526,3
SEQ3527,11
SEQ3528,0
SEQ3529,14
SEQ3530,14
SEQ3531,14
SEQ3532,14
SEQ3533,14
SEQ3534,11
SEQ3535,5
SEQ3536,14
SEQ3537,14
SEQ3538,14
SEQ3539,14
SEQ3540,14
SEQ3541,5
SEQ3542,14
SEQ3543,5
SEQ3544,2
SEQ3545,11
SEQ3546,14
SEQ3547,0
SEQ3548,5
SEQ3549,14
SEQ3550,0
SEQ3551,14
SEQ3552,9
SEQ3553,11
SEQ3554,11
SEQ3555,14
SEQ3556,14
SEQ3557,5
SEQ3558,14
SEQ3559,1
SEQ3560,14
SEQ3561,14
SEQ3562,14
SEQ3563,14
SEQ3564,11
SEQ3565,14
SEQ3566,1
SEQ3567,14
SEQ3568,14
SEQ3569,14
SEQ3570,5
SEQ3571,14
SEQ3572,5
SEQ3573,5
SEQ3574,14
SEQ3575,14
SEQ3576,14
SEQ3577,14
SEQ3578,14
SEQ3579,14
SEQ3580,14
SEQ3581,8
SEQ3582,14
SEQ3583,14
SEQ3584,14
SEQ3585,14
SEQ3586,11
SEQ3587,14
SEQ3588,5
SEQ3589,14
SEQ3590,14
SEQ3591,14
SEQ3592,14
SEQ3593,14
SEQ3594,14
SEQ3595,14
SEQ3596,2
SEQ3597,7
SEQ3598,14
SEQ3599,14
SEQ3600,14
SEQ3601,8
SEQ3602,14
SEQ3603,14
SEQ3604,11
SEQ3605,14
SEQ3606,14
SEQ3607,14
SEQ3608,5
SEQ3609,14
SEQ3610,14
SEQ3611,14
SEQ3612,14
SEQ3613,14
SEQ3614,14
SEQ3615,14
SEQ3616,5
SEQ3617,7
SEQ3618,14
SEQ3619,14
SEQ3620,14
SEQ3621,0
SEQ3622,14
SEQ3623,0
SEQ3624,1
SEQ3625,14
SEQ3626,11
SEQ3627,14
SEQ3628,14
SEQ3629,11
SEQ3630,14
SEQ3631,14
SEQ3632,11
SEQ3633,14
SEQ3634,2
SEQ3635,14
SEQ3636,14
SEQ3637,14
SEQ3638,14
SEQ3639,14
SEQ3640,1
SEQ3641,11
SEQ3642,14
SEQ3643,14
SEQ3644,14
SEQ3645,11
SEQ3646,14
SEQ3647,11
SEQ3648,14
SEQ3649,2
SEQ3650,5
SEQ3651,5
SEQ3652,11
SEQ3653,11
SEQ3654,11
SEQ3655,5
SEQ3656,11
SEQ3657,5
SEQ3658,5
SEQ3659,11
SEQ3660,14
SEQ3661,5
SEQ3662,14
SEQ3663,14
SEQ3664,11
SEQ3665,11
SEQ3666,3
SEQ3667,14
SEQ3668,11
SEQ3669,14
SEQ3670,14
SEQ3671,11
SEQ3672,5
SEQ3673,14
SEQ3674,11
SEQ3675,11
SEQ3676,14
SEQ3677,14
SEQ3678,5
SEQ3679,14
SEQ3680,11
SEQ3681,11
SEQ3682,2
SEQ3683,14
SEQ3684,1
SEQ3685,14
SEQ3686,14
SEQ3687,11
SEQ3688,14
SEQ3689,5
SEQ3690,14
SEQ3691,14
SEQ3692,14
SEQ3693,2
SEQ3694,3
SEQ3695,14
SEQ3696,11
SEQ3697,14
SEQ3698,14
SEQ3699,14
SEQ3700,14
SEQ3701,14
SEQ3702,1
SEQ3703,14
SEQ3704,14
SEQ3705,14
SEQ3706,5
SEQ3707,14
SEQ3708,5
SEQ3709,5
SEQ3710,11
SEQ3711,0
SEQ3712,14
SEQ3713,7
SEQ3714,5
SEQ3715,14
SEQ3716,5
SEQ3717,1
SEQ3718,11
SEQ3719,14
SEQ3720,14
SEQ3721,11
SEQ3722,5
SEQ3723,3
SEQ3724,14
SEQ3725,2
SEQ3726,14
SEQ3727,5
SEQ3728,14
SEQ3729,5
SEQ3730,14
SEQ3731,0
SEQ3732,14
SEQ3733,14
SEQ3734,5
SEQ3735,14
SEQ3736,14
SEQ3737,5
SEQ3738,14
SEQ3739,14
SEQ3740,1
SEQ3741,14
SEQ3742,14
SEQ3743,14
SEQ3744,14
SEQ3745,14
SEQ3746,14
SEQ3747,14
SEQ3748,11
SEQ3749,5
SEQ3750,6
SEQ3751,14
SEQ3752,14
SEQ3753,14
SEQ3754,14
SEQ3755,14
SEQ3756,14
SEQ3757,2
SEQ3758,7
SEQ3759,7
SEQ3760,14
SEQ3761,14
SEQ3762,14
SEQ3763,7
SEQ3764,0
SEQ3765,14
SEQ3766,14
SEQ3767,8
SEQ3768,14
SEQ3769,14
SEQ3770,8
SEQ3771,14
SEQ3772,14
SEQ3773,11
SEQ3774,14
SEQ3775,2
SEQ3776,14
SEQ3777,14
SEQ3778,14
SEQ3779,0
SEQ3780,1
SEQ3781,14
SEQ3782,14
SEQ3783,14
SEQ3784,0
SEQ3785,14
SEQ3786,14
SEQ3787,14
SEQ3788,11
SEQ3789,8
SEQ3790,14
SEQ3791,8
SEQ3792,14
SEQ3793,11
SEQ3794,14
SEQ3795,14
SEQ3796,11
SEQ3797,11
SEQ3798,11
SEQ3799,5
SEQ3800,14
SEQ3801,11
SEQ3802,11
SEQ3803,14
SEQ3804,14
SEQ3805,11
SEQ3806,14
SEQ3807,14
SEQ3808,1
SEQ3809,14
SEQ3810,14
SEQ3811,14
SEQ3812,9
SEQ3813,14
SEQ3814,13
SEQ3815,14
SEQ3816,14
SEQ3817,5
SEQ3818,14
SEQ3819,14
SEQ3820,13
SEQ3821,14
SEQ3822,14
SEQ3823,11
SEQ3824,14
SEQ3825,5
SEQ3826,3
SEQ3827,14
SEQ3828,14
SEQ3829,14
SEQ3830,5
SEQ3831,5
SEQ3832,5
SEQ3833,14
SEQ3834,14
SEQ3835,5
SEQ3836,14
SEQ3837,11
SEQ3838,11
SEQ3839,14
SEQ3840,14
SEQ3841,14
SEQ3842,3
SEQ3843,1
SEQ3844,5
SEQ3845,11
SEQ3846,14
SEQ3847,14
SEQ3848,1
SEQ3849,5
SEQ3850,5
SEQ3851,14
SEQ3852,14
SEQ3853,14
SEQ3854,11
SEQ3855,12
SEQ3856,13
SEQ3857,8
SEQ3858,14
SEQ3859,14
SEQ3860,14
SEQ3861,14
SEQ3862,14
SEQ3863,14
SEQ3864,14
SEQ3865,14
SEQ3866,14
SEQ3867,14
SEQ3868,14
SEQ3869,14
SEQ3870,11
SEQ3871,11
SEQ3872,14
SEQ3873,11
SEQ3874,14
SEQ3875,14
SEQ3876,3
SEQ3877,14
SEQ3878,1
SEQ3879,14
SEQ3880,14
SEQ3881,14
SEQ3882,14
SEQ3883,11
SEQ3884,5
SEQ3885,14
SEQ3886,14
SEQ3887,11
SEQ3888,14
SEQ3889,11
SEQ3890,14
SEQ3891,14
SEQ3892,14
SEQ3893,14
SEQ3894,14
SEQ3895,7
SEQ3896,14
SEQ3897,7
SEQ3898,11
SEQ3899,11
SEQ3900,14
SEQ3901,11
SEQ3902,5
SEQ3903,14
SEQ3904,14
SEQ3905,14
SEQ3906,2
SEQ3907,11
SEQ3908,11
SEQ3909,11
SEQ3910,14
SEQ3911,14
SEQ3912,1
SEQ3913,11
SEQ3914,11
SEQ3915,14
SEQ3916,5
SEQ3917,7
SEQ3918,14
SEQ3919,0
SEQ3920,2
SEQ3921,11
SEQ3922,14
SEQ3923,14
SEQ3924,14
SEQ3925,5
SEQ3926,14
SEQ3927,14
SEQ3928,5
SEQ3929,14
SEQ3930,14
SEQ3931,1
SEQ3932,14
SEQ3933,11
SEQ3934,14
SEQ3935,14
SEQ3936,14
SEQ3937,14
SEQ3938,7
SEQ3939,14
SEQ3940,1
SEQ3941,14
SEQ3942,13
SEQ3943,14
SEQ3944,14
SEQ3945,11
SEQ3946,14
SEQ3947,14
SEQ3948,14
SEQ3949,14
SEQ3950,14
SEQ3951,11
SEQ3952,14
SEQ3953,14
SEQ3954,14
SEQ3955,14
SEQ3956,0
SEQ3957,14
SEQ3958,5
SEQ3959,14
SEQ3960,5
SEQ3961,14
SEQ3962,5
SEQ3963,14
SEQ3964,14
SEQ3965,14
SEQ3966,5
SEQ3967,11
SEQ3968,14
SEQ3969,14
SEQ3970,14
SEQ3971,5
SEQ3972,14
SEQ3973,2
SEQ3974,5
SEQ3975,14
SEQ3976,5
SEQ3977,14
SEQ3978,14
SEQ3979,14
SEQ3980,13
SEQ3981,5
SEQ3982,14
SEQ3983,11
SEQ3984,0
SEQ3985,0
SEQ3986,14
SEQ3987,5
SEQ3988,5
SEQ3989,14
SEQ3990,14
SEQ3991,14
SEQ3992,5
SEQ3993,14
SEQ3994,14
SEQ3995,2
SEQ3996,5
SEQ3997,7
SEQ3998,14
SEQ3999,14
SEQ4000,11
SEQ4001,8
SEQ4002,14
SEQ4003,14
SEQ4004,11
SEQ4005,14
SEQ4006,14
SEQ4007,5
SEQ4008,14
SEQ4009,7
SEQ4010,11
SEQ4011,14
SEQ4012,14
SEQ4013,14
SEQ4014,14
SEQ4015,14
SEQ4016,14
SEQ4017,14
SEQ4018,14
SEQ4019,11
SEQ4020,8
SEQ4021,14
SEQ4022,14
SEQ4023,14
SEQ4024,14
SEQ4025,5
SEQ4026,14
SEQ4027,14
SEQ4028,14
SEQ4029,14
SEQ4030,14
SEQ4031,11
SEQ4032,14
SEQ4033,5
SEQ4034,14
SEQ4035,14
SEQ4036,14
SEQ4037,14
SEQ4038,14
SEQ4039,11
SEQ4040,2
SEQ4041,14
SEQ4042,14
SEQ4043,14
SEQ4044,14
SEQ4045,14
SEQ4046,11
SEQ4047,14
SEQ4048,5
SEQ4049,14
SEQ4050,14
SEQ4051,5
SEQ4052,14
SEQ4053,14
SEQ4054,11
SEQ4055,14
SEQ4056,14
SEQ4057,11
SEQ4058,2
SEQ4059,11
SEQ4060,2
SEQ4061,11
SEQ4062,5
SEQ4063,14
SEQ4064,14
SEQ4065,14
SEQ4066,5
SEQ4067,5
SEQ4068,6
SEQ4069,14
SEQ4070,14
SEQ4071,7
SEQ4072,11
SEQ4073,14
SEQ4074,7
SEQ4075,5
SEQ4076,14
SEQ4077,14
SEQ4078,6
SEQ4079,0
SEQ4080,5
SEQ4081,5
SEQ4082,5
SEQ4083,14
SEQ4084,1
SEQ4085,14
SEQ4086,11
SEQ4087,14
SEQ4088,11
SEQ4089,14
SEQ4090,14
SEQ4091,5
SEQ4092,5
SEQ4093,14
SEQ4094,5
SEQ4095,14
SEQ4096,14
SEQ4097,11
SEQ4098,0
SEQ4099,14
SEQ4100,14
SEQ4101,14
SEQ4102,14
SEQ4103,5
SEQ4104,6
SEQ4105,3
SEQ4106,11
SEQ4107,11
SEQ4108,14
SEQ4109,14
SEQ4110,14
SEQ4111,14
SEQ4112,7
SEQ4113,14
SEQ4114,14
SEQ4115,14
SEQ4116,11
SEQ4117,14
SEQ4118,14
SEQ4119,12
SEQ4120,14
SEQ4121,14
SEQ4122,14
SEQ4123,14
SEQ4124,0
SEQ4125,14
SEQ4126,14
SEQ4127,14
SEQ4128,5
SEQ4129,14
SEQ4130,14
SEQ4131,14
SEQ4132,14
SEQ4133,14
SEQ4134,3
SEQ4135,14
SEQ4136,5
SEQ4137,14
SEQ4138,11
SEQ4139,14
SEQ4140,14
SEQ4141,14
SEQ4142,11
SEQ4143,14
SEQ4144,14
SEQ4145,14
SEQ4146,14
SEQ4147,4
SEQ4148,14
SEQ4149,14
SEQ4150,14
SEQ4151,14
SEQ4152,14
SEQ4153,14
SEQ4154,7
SEQ4155,14
SEQ4156,14
SEQ4157,0
SEQ4158,11
SEQ4159,14
SEQ4160,5
SEQ4161,14
SEQ4162,5
SEQ4163,14
SEQ4164,14
SEQ4165,14
SEQ4166,11
SEQ4167,0
SEQ4168,14
SEQ4169,0
SEQ4170,14
SEQ4171,14
SEQ4172,14
SEQ4173,14
SEQ4174,0
SEQ4175,14
SEQ4176,11
SEQ4177,5
SEQ4178,14
SEQ4179,0
SEQ4180,14
SEQ4181,14
SEQ4182,0
SEQ4183,14
SEQ4184,14
SEQ4185,11
SEQ4186,14
SEQ4187,14
SEQ4188,14
SEQ4189,5
SEQ4190,14
SEQ4191,5
SEQ4192,11
SEQ4193,14
SEQ4194,14
SEQ4195,7
SEQ4196,2
SEQ4197,14
SEQ4198,14
SEQ4199,14
SEQ4200,14
SEQ4201,6
SEQ4202,9
SEQ4203,14
SEQ4204,5
SEQ4205,14
SEQ4206,14
SEQ4207,5
SEQ4208,14
SEQ4209,14
SEQ4210,5
SEQ4211,14
SEQ4212,7
SEQ4213,11
SEQ4214,10
SEQ4215,5
SEQ4216,14
SEQ4217,11
SEQ4218,11
SEQ4219,5
SEQ4220,14
SEQ4221,14
SEQ4222,0
SEQ4223,5
SEQ4224,14
SEQ4225,5
SEQ4226,7
SEQ4227,14
SEQ4228,12
SEQ4229,5
SEQ4230,3
SEQ4231,14
SEQ4232,14
SEQ4233,8
SEQ4234,14
SEQ4235,11
SEQ4236,5
SEQ4237,14
SEQ4238,14
SEQ4239,14
SEQ4240,14
SEQ4241,5
SEQ4242,14
SEQ4243,14
SEQ4244,14
SEQ4245,11
SEQ4246,5
SEQ4247,7
SEQ4248,5
SEQ4249,5
SEQ4250,0
SEQ4251,14
SEQ4252,11
SEQ4253,14
SEQ4254,14
SEQ4255,14
SEQ4256,6
SEQ4257,14
SEQ4258,14
SEQ4259,11
SEQ4260,11
SEQ4261,14
SEQ4262,11
SEQ4263,14
SEQ4264,2
SEQ4265,0
SEQ4266,14
SEQ4267,4
SEQ4268,14
SEQ4269,14
SEQ4270,8
SEQ4271,14
SEQ4272,5
SEQ4273,14
SEQ4274,14
SEQ4275,2
SEQ4276,11
SEQ4277,14
SEQ4278,11
SEQ4279,11
SEQ4280,0
SEQ4281,14
SEQ4282,14
SEQ4283,10
SEQ4284,14
SEQ4285,14
SEQ4286,14
SEQ4287,14
SEQ4288,14
SEQ4289,14
SEQ4290,11
SEQ4291,13
SEQ4292,2
SEQ4293,14
SEQ4294,14
SEQ4295,14
SEQ4296,5
SEQ4297,9
SEQ4298,14
SEQ4299,14
SEQ4300,5
SEQ4301,14
SEQ4302,14
SEQ4303,14
SEQ4304,14
SEQ4305,11
SEQ4306,11
SEQ4307,1
SEQ4308,14
SEQ4309,11
SEQ4310,2
SEQ4311,14
SEQ4312,11
SEQ4313,14
SEQ4314,11
SEQ4315,14
SEQ4316,14
SEQ4317,14
SEQ4318,11
SEQ4319,14
SEQ4320,14
SEQ4321,14
SEQ4322,14
SEQ4323,11
SEQ4324,14
SEQ4325,3
SEQ4326,14
SEQ4327,1
SEQ4328,5
SEQ4329,14
SEQ4330,14
SEQ4331,11
SEQ4332,11
SEQ4333,9
SEQ4334,11
SEQ4335,5
SEQ4336,14
SEQ4337,11
SEQ4338,14
SEQ4339,14
SEQ4340,14
SEQ4341,0
SEQ4342,14
SEQ4343,14
SEQ4344,14
SEQ4345,2
SEQ4346,5
SEQ4347,11
SEQ4348,0
SEQ4349,14
SEQ4350,14
SEQ4351,14
SEQ4352,14
SEQ4353,11
SEQ4354,14
SEQ4355,14
SEQ4356,14
SEQ4357,5
SEQ4358,8
SEQ4359,14
SEQ4360,4
SEQ4361,5
SEQ4362,5
SEQ4363,14
SEQ4364,14
SEQ4365,14
SEQ4366,9
SEQ4367,9
SEQ4368,5
SEQ4369,11
SEQ4370,14
SEQ4371,11
SEQ4372,12
SEQ4373,14
SEQ4374,11
SEQ4375,14
SEQ4376,14
SEQ4377,14
SEQ4378,14
SEQ4379,14
SEQ4380,5
SEQ4381,5
SEQ4382,14
SEQ4383,1
SEQ4384,14
SEQ4385,14
SEQ4386,14
SEQ4387,5
SEQ4388,11
SEQ4389,14
SEQ4390,5
SEQ4391,14
SEQ4392,0
SEQ4393,11
SEQ4394,11
SEQ4395,1
SEQ4396,14
SEQ4397,14
SEQ4398,0
SEQ4399,14
SEQ4400,1
SEQ4401,14
SEQ4402,11
SEQ4403,5
SEQ4404,3
SEQ4405,14
SEQ4406,2
SEQ4407,5
SEQ4408,14
SEQ4409,14
SEQ4410,14
SEQ4411,14
SEQ4412,14
SEQ4413,14
SEQ4414,1
SEQ4415,14
SEQ4416,14
SEQ4417,1
SEQ4418,2
SEQ4419,14
SEQ4420,8
SEQ4421,11
SEQ4422,14
SEQ4423,14
SEQ4424,8
SEQ4425,14
SEQ4426,14
SEQ4427,0
SEQ4428,14
SEQ4429,14
SEQ4430,14
SEQ4431,14
SEQ4432,11
SEQ4433,1
SEQ4434,14
SEQ4435,5
SEQ4436,5
SEQ4437,14
SEQ4438,11
SEQ4439,0
SEQ4440,14
SEQ4441,11
SEQ4442,14
SEQ4443,14
SEQ4444,14
SEQ4445,14
SEQ4446,5
SEQ4447,14
SEQ4448,14
SEQ4449,14
SEQ4450,14
SEQ4451,14
SEQ4452,11
SEQ4453,14
SEQ4454,5
SEQ4455,14
SEQ4456,14
SEQ4457,14
SEQ4458,11
SEQ4459,14
SEQ4460,11
SEQ4461,1
SEQ4462,2
SEQ4463,14
SEQ4464,1
SEQ4465,5
SEQ4466,11
SEQ4467,14
SEQ4468,9
